10.0.0.1, test1
10.0.0.2, test2
10.0.0.3, test3
10.0.0.4, test4
10.0.0.5, test5
10.0.0.6, test6
10.0.0.7, test7
10.0.0.8, test8
10.0.0.9, test9
10.0.0.10, test10
10.0.0.11, test11
10.0.0.12, test12
10.0.0.13, test13
10.0.0.14, test14
10.0.0.15, test15
10.0.0.16, test16
10.0.0.17, test17
10.0.0.18, test18
10.0.0.19, test19
10.0.0.20, test20
10.0.0.21, test21
10.0.0.22, test22
10.0.0.23, test23
10.0.0.24, test24
10.0.0.25, test25
10.0.0.26, test26
10.0.0.27, test27
10.0.0.28, test28
10.0.0.29, test29
10.0.0.30, test30
10.0.0.100, test100
10.0.0.138, test138
github.com, github
